model,baseline_mean,baseline_stderr,hint_mean,hint_stderr,improvement
Llama-3.1-8B-Instruct,0.6141666666666666,0.03236503964536103,0.6708333333333333,0.018139686223208964,0.05666666666666664
gemma-2-2b-it,0.44833333333333336,0.029605998573180258,0.4575,0.01760409485966458,0.009166666666666656
gemma-2-9b-it,0.6358333333333334,0.03546735825633905,0.6758333333333333,0.019467729064181778,0.039999999999999925
