model,baseline_mean,baseline_stderr,hint_mean,hint_stderr,improvement
Llama-3.1-8B-Instruct,0.6475,0.03279991975983178,0.645,0.01846428016513502,-0.0024999999999999467
gemma-2-2b-it,0.44833333333333336,0.029605998573180258,0.4577777777777778,0.017853043479608307,0.009444444444444422
gemma-2-9b-it,0.6458333333333333,0.033299119646741954,0.6558333333333334,0.01959962892461004,0.01000000000000012
