{
  "model": "gemma-2-9b-it",
  "performance": {
    "direct_hint": {
      "mean_solve_rate": 0.47,
      "stderr": 0.04095383511406403,
      "improvement_over_no_hint": 0.016666666666666607
    },
    "no_hint": {
      "mean_solve_rate": 0.45333333333333337,
      "stderr": 0.04017218831237245,
      "improvement_over_no_hint": null
    },
    "step_suggestion": {
      "mean_solve_rate": 0.4108333333333334,
      "stderr": 0.03900155037351205,
      "improvement_over_no_hint": -0.04249999999999998
    },
    "socratic_question": {
      "mean_solve_rate": 0.4016666666666666,
      "stderr": 0.03891377270258401,
      "improvement_over_no_hint": -0.05166666666666675
    }
  },
  "sample_size": 100
}