{
  "model": "gemma-2-9b-it",
  "bin_performance": {
    "0-0.1": {
      "count": 10,
      "no_hint": {
        "mean": 0.025,
        "stderr": 0.025
      },
      "prompts": {
        "socratic_question": {
          "mean": 0.03333333333333333,
          "stderr": 0.022222222222222223,
          "improvement": 0.008333333333333331
        },
        "direct_hint": {
          "mean": 0.06666666666666668,
          "stderr": 0.058001702827280836,
          "improvement": 0.04166666666666668
        },
        "step_suggestion": {
          "mean": 0.075,
          "stderr": 0.05886005583449193,
          "improvement": 0.049999999999999996
        }
      }
    },
    "0.1-0.2": {
      "count": 10,
      "no_hint": {
        "mean": 0.15,
        "stderr": 0.10304020550550781
      },
      "prompts": {
        "socratic_question": {
          "mean": 0.18333333333333332,
          "stderr": 0.07934920476158722,
          "improvement": 0.033333333333333326
        },
        "direct_hint": {
          "mean": 0.11666666666666667,
          "stderr": 0.05299662230094143,
          "improvement": -0.033333333333333326
        },
        "step_suggestion": {
          "mean": 0.11666666666666667,
          "stderr": 0.05443310539518174,
          "improvement": -0.033333333333333326
        }
      }
    },
    "0.2-0.3": {
      "count": 10,
      "no_hint": {
        "mean": 0.3416666666666667,
        "stderr": 0.0997295726167569
      },
      "prompts": {
        "socratic_question": {
          "mean": 0.3,
          "stderr": 0.11399046960379551,
          "improvement": -0.041666666666666685
        },
        "direct_hint": {
          "mean": 0.4166666666666667,
          "stderr": 0.12668615834434865,
          "improvement": 0.07500000000000001
        },
        "step_suggestion": {
          "mean": 0.3416666666666667,
          "stderr": 0.11944444444444444,
          "improvement": 0.0
        }
      }
    },
    "0.3-0.4": {
      "count": 10,
      "no_hint": {
        "mean": 0.325,
        "stderr": 0.09333498675784135
      },
      "prompts": {
        "socratic_question": {
          "mean": 0.3416666666666667,
          "stderr": 0.10718767434208187,
          "improvement": 0.016666666666666663
        },
        "direct_hint": {
          "mean": 0.39166666666666666,
          "stderr": 0.12111238531439801,
          "improvement": 0.06666666666666665
        },
        "step_suggestion": {
          "mean": 0.25,
          "stderr": 0.07556372504853023,
          "improvement": -0.07500000000000001
        }
      }
    },
    "0.4-0.5": {
      "count": 10,
      "no_hint": {
        "mean": 0.39166666666666666,
        "stderr": 0.11388888888888887
      },
      "prompts": {
        "socratic_question": {
          "mean": 0.325,
          "stderr": 0.11879669322412831,
          "improvement": -0.06666666666666665
        },
        "direct_hint": {
          "mean": 0.2833333333333333,
          "stderr": 0.08624541497922235,
          "improvement": -0.10833333333333334
        },
        "step_suggestion": {
          "mean": 0.31666666666666665,
          "stderr": 0.09525793444156803,
          "improvement": -0.07500000000000001
        }
      }
    },
    "0.5-0.6": {
      "count": 10,
      "no_hint": {
        "mean": 0.575,
        "stderr": 0.13231672626460617
      },
      "prompts": {
        "socratic_question": {
          "mean": 0.33333333333333337,
          "stderr": 0.10540925533894598,
          "improvement": -0.24166666666666659
        },
        "direct_hint": {
          "mean": 0.65,
          "stderr": 0.13252067157640623,
          "improvement": 0.07500000000000007
        },
        "step_suggestion": {
          "mean": 0.5083333333333333,
          "stderr": 0.13055555555555556,
          "improvement": -0.06666666666666665
        }
      }
    },
    "0.6-0.7": {
      "count": 10,
      "no_hint": {
        "mean": 0.6666666666666667,
        "stderr": 0.12234841969747356
      },
      "prompts": {
        "socratic_question": {
          "mean": 0.4666666666666667,
          "stderr": 0.1417483424685897,
          "improvement": -0.20000000000000007
        },
        "direct_hint": {
          "mean": 0.6583333333333333,
          "stderr": 0.1328985968211743,
          "improvement": -0.008333333333333415
        },
        "step_suggestion": {
          "mean": 0.575,
          "stderr": 0.14722222222222223,
          "improvement": -0.09166666666666679
        }
      }
    },
    "0.7-0.8": {
      "count": 10,
      "no_hint": {
        "mean": 0.4666666666666667,
        "stderr": 0.10258991840344105
      },
      "prompts": {
        "socratic_question": {
          "mean": 0.5166666666666667,
          "stderr": 0.10743933114340953,
          "improvement": 0.050000000000000044
        },
        "direct_hint": {
          "mean": 0.5833333333333333,
          "stderr": 0.12422599874998831,
          "improvement": 0.11666666666666659
        },
        "step_suggestion": {
          "mean": 0.3833333333333333,
          "stderr": 0.1091493483577139,
          "improvement": -0.08333333333333337
        }
      }
    },
    "0.8-0.9": {
      "count": 10,
      "no_hint": {
        "mean": 0.7166666666666667,
        "stderr": 0.11666666666666667
      },
      "prompts": {
        "socratic_question": {
          "mean": 0.8,
          "stderr": 0.10258991840344105,
          "improvement": 0.08333333333333337
        },
        "direct_hint": {
          "mean": 0.7916666666666667,
          "stderr": 0.1070436048222094,
          "improvement": 0.07500000000000007
        },
        "step_suggestion": {
          "mean": 0.7916666666666667,
          "stderr": 0.09801265980209639,
          "improvement": 0.07500000000000007
        }
      }
    },
    "0.9-1": {
      "count": 10,
      "no_hint": {
        "mean": 0.875,
        "stderr": 0.0980126598020964
      },
      "prompts": {
        "socratic_question": {
          "mean": 0.7166666666666667,
          "stderr": 0.11928283640879937,
          "improvement": -0.15833333333333333
        },
        "direct_hint": {
          "mean": 0.7416666666666667,
          "stderr": 0.11211353372561425,
          "improvement": -0.1333333333333333
        },
        "step_suggestion": {
          "mean": 0.75,
          "stderr": 0.1097134314340639,
          "improvement": -0.125
        }
      }
    }
  }
}