{
  "model": "gemma-2-2b-it",
  "bin_performance": {
    "0-0.1": {
      "count": 10,
      "no_hint": {
        "mean": 0.03333333333333333,
        "stderr": 0.03333333333333333
      },
      "prompts": {
        "socratic_question": {
          "mean": 0.058333333333333334,
          "stderr": 0.058333333333333334,
          "improvement": 0.025
        },
        "direct_hint": {
          "mean": 0.05,
          "stderr": 0.041573970964154904,
          "improvement": 0.01666666666666667
        },
        "step_suggestion": {
          "mean": 0.016666666666666666,
          "stderr": 0.016666666666666666,
          "improvement": -0.016666666666666666
        }
      }
    },
    "0.1-0.2": {
      "count": 10,
      "no_hint": {
        "mean": 0.016666666666666666,
        "stderr": 0.016666666666666666
      },
      "prompts": {
        "socratic_question": {
          "mean": 0.025,
          "stderr": 0.017786456215091246,
          "improvement": 0.008333333333333335
        },
        "direct_hint": {
          "mean": 0.008333333333333333,
          "stderr": 0.008333333333333333,
          "improvement": -0.008333333333333333
        },
        "step_suggestion": {
          "mean": 0.008333333333333333,
          "stderr": 0.008333333333333333,
          "improvement": -0.008333333333333333
        }
      }
    },
    "0.2-0.3": {
      "count": 10,
      "no_hint": {
        "mean": 0.08333333333333334,
        "stderr": 0.05270462766947299
      },
      "prompts": {
        "socratic_question": {
          "mean": 0.041666666666666664,
          "stderr": 0.025609845714702466,
          "improvement": -0.04166666666666668
        },
        "direct_hint": {
          "mean": 0.05,
          "stderr": 0.03557291243018249,
          "improvement": -0.03333333333333334
        },
        "step_suggestion": {
          "mean": 0.075,
          "stderr": 0.04015786748555822,
          "improvement": -0.008333333333333345
        }
      }
    },
    "0.3-0.4": {
      "count": 10,
      "no_hint": {
        "mean": 0.016666666666666666,
        "stderr": 0.011111111111111112
      },
      "prompts": {
        "socratic_question": {
          "mean": 0.06666666666666668,
          "stderr": 0.058001702827280836,
          "improvement": 0.05000000000000002
        },
        "direct_hint": {
          "mean": 0.06666666666666667,
          "stderr": 0.03888888888888889,
          "improvement": 0.05
        },
        "step_suggestion": {
          "mean": 0.05,
          "stderr": 0.03557291243018249,
          "improvement": 0.03333333333333334
        }
      }
    },
    "0.4-0.5": {
      "count": 10,
      "no_hint": {
        "mean": 0.04166666666666667,
        "stderr": 0.04166666666666667
      },
      "prompts": {
        "socratic_question": {
          "mean": 0.025,
          "stderr": 0.017786456215091246,
          "improvement": -0.01666666666666667
        },
        "direct_hint": {
          "mean": 0.05,
          "stderr": 0.041573970964154904,
          "improvement": 0.008333333333333331
        },
        "step_suggestion": {
          "mean": 0.008333333333333333,
          "stderr": 0.008333333333333333,
          "improvement": -0.03333333333333334
        }
      }
    },
    "0.5-0.6": {
      "count": 10,
      "no_hint": {
        "mean": 0.175,
        "stderr": 0.08910563851303023
      },
      "prompts": {
        "socratic_question": {
          "mean": 0.16666666666666669,
          "stderr": 0.10168336232068403,
          "improvement": -0.008333333333333304
        },
        "direct_hint": {
          "mean": 0.30833333333333335,
          "stderr": 0.12792865488521618,
          "improvement": 0.13333333333333336
        },
        "step_suggestion": {
          "mean": 0.23333333333333334,
          "stderr": 0.13017082793177756,
          "improvement": 0.05833333333333335
        }
      }
    },
    "0.6-0.7": {
      "count": 10,
      "no_hint": {
        "mean": 0.24166666666666664,
        "stderr": 0.06015668841029921
      },
      "prompts": {
        "socratic_question": {
          "mean": 0.16666666666666666,
          "stderr": 0.049690399499995326,
          "improvement": -0.07499999999999998
        },
        "direct_hint": {
          "mean": 0.20833333333333334,
          "stderr": 0.07479395565464589,
          "improvement": -0.0333333333333333
        },
        "step_suggestion": {
          "mean": 0.09166666666666666,
          "stderr": 0.043832593994609724,
          "improvement": -0.14999999999999997
        }
      }
    },
    "0.7-0.8": {
      "count": 10,
      "no_hint": {
        "mean": 0.16666666666666669,
        "stderr": 0.08240220541217404
      },
      "prompts": {
        "socratic_question": {
          "mean": 0.21666666666666665,
          "stderr": 0.07973722274670736,
          "improvement": 0.04999999999999996
        },
        "direct_hint": {
          "mean": 0.29166666666666663,
          "stderr": 0.10412036007772951,
          "improvement": 0.12499999999999994
        },
        "step_suggestion": {
          "mean": 0.18333333333333332,
          "stderr": 0.08031573497111644,
          "improvement": 0.016666666666666635
        }
      }
    },
    "0.8-0.9": {
      "count": 10,
      "no_hint": {
        "mean": 0.33333333333333337,
        "stderr": 0.09860132971832694
      },
      "prompts": {
        "socratic_question": {
          "mean": 0.31666666666666665,
          "stderr": 0.08940820521906157,
          "improvement": -0.01666666666666672
        },
        "direct_hint": {
          "mean": 0.39166666666666666,
          "stderr": 0.10172129679778087,
          "improvement": 0.05833333333333329
        },
        "step_suggestion": {
          "mean": 0.39166666666666666,
          "stderr": 0.10247703747609288,
          "improvement": 0.05833333333333329
        }
      }
    },
    "0.9-1": {
      "count": 10,
      "no_hint": {
        "mean": 0.4166666666666667,
        "stderr": 0.11915339216404008
      },
      "prompts": {
        "socratic_question": {
          "mean": 0.4916666666666667,
          "stderr": 0.1093259369675246,
          "improvement": 0.07500000000000001
        },
        "direct_hint": {
          "mean": 0.35,
          "stderr": 0.12838022231434826,
          "improvement": -0.06666666666666671
        },
        "step_suggestion": {
          "mean": 0.5333333333333333,
          "stderr": 0.13099806802835107,
          "improvement": 0.11666666666666664
        }
      }
    }
  }
}