{
  "model": "Llama-3.1-8B-Instruct",
  "bin_performance": {
    "0-0.1": {
      "count": 10,
      "no_hint": {
        "mean": 0.13333333333333333,
        "stderr": 0.10183501544346311
      },
      "prompts": {
        "socratic_question": {
          "mean": 0.11666666666666665,
          "stderr": 0.09060836905722272,
          "improvement": -0.016666666666666677
        },
        "direct_hint": {
          "mean": 0.10833333333333332,
          "stderr": 0.09941961204540711,
          "improvement": -0.02500000000000001
        },
        "step_suggestion": {
          "mean": 0.15,
          "stderr": 0.10076865081787252,
          "improvement": 0.016666666666666663
        }
      }
    },
    "0.1-0.2": {
      "count": 10,
      "no_hint": {
        "mean": 0.11666666666666665,
        "stderr": 0.045133546692422005
      },
      "prompts": {
        "socratic_question": {
          "mean": 0.09166666666666666,
          "stderr": 0.04203540541783766,
          "improvement": -0.024999999999999994
        },
        "direct_hint": {
          "mean": 0.05,
          "stderr": 0.028327886186626582,
          "improvement": -0.06666666666666665
        },
        "step_suggestion": {
          "mean": 0.1,
          "stderr": 0.04779069592801459,
          "improvement": -0.01666666666666665
        }
      }
    },
    "0.2-0.3": {
      "count": 10,
      "no_hint": {
        "mean": 0.35,
        "stderr": 0.07637626158259732
      },
      "prompts": {
        "socratic_question": {
          "mean": 0.31666666666666665,
          "stderr": 0.10378634273483002,
          "improvement": -0.033333333333333326
        },
        "direct_hint": {
          "mean": 0.375,
          "stderr": 0.09957471293852735,
          "improvement": 0.025000000000000022
        },
        "step_suggestion": {
          "mean": 0.31666666666666665,
          "stderr": 0.09606453592105879,
          "improvement": -0.033333333333333326
        }
      }
    },
    "0.3-0.4": {
      "count": 10,
      "no_hint": {
        "mean": 0.2,
        "stderr": 0.057197945227705556
      },
      "prompts": {
        "socratic_question": {
          "mean": 0.2,
          "stderr": 0.06712803318663652,
          "improvement": 0.0
        },
        "direct_hint": {
          "mean": 0.39166666666666666,
          "stderr": 0.11114582790968087,
          "improvement": 0.19166666666666665
        },
        "step_suggestion": {
          "mean": 0.25,
          "stderr": 0.08333333333333334,
          "improvement": 0.04999999999999999
        }
      }
    },
    "0.4-0.5": {
      "count": 10,
      "no_hint": {
        "mean": 0.39166666666666666,
        "stderr": 0.09626513028424143
      },
      "prompts": {
        "socratic_question": {
          "mean": 0.30833333333333335,
          "stderr": 0.08700255424092125,
          "improvement": -0.08333333333333331
        },
        "direct_hint": {
          "mean": 0.25833333333333336,
          "stderr": 0.08910563851303022,
          "improvement": -0.1333333333333333
        },
        "step_suggestion": {
          "mean": 0.36666666666666664,
          "stderr": 0.08351831321318282,
          "improvement": -0.025000000000000022
        }
      }
    },
    "0.5-0.6": {
      "count": 10,
      "no_hint": {
        "mean": 0.55,
        "stderr": 0.07049209744694178
      },
      "prompts": {
        "socratic_question": {
          "mean": 0.5666666666666667,
          "stderr": 0.08031573497111645,
          "improvement": 0.016666666666666607
        },
        "direct_hint": {
          "mean": 0.5416666666666667,
          "stderr": 0.10262751778839536,
          "improvement": -0.008333333333333304
        },
        "step_suggestion": {
          "mean": 0.55,
          "stderr": 0.07677930533936252,
          "improvement": 0.0
        }
      }
    },
    "0.6-0.7": {
      "count": 10,
      "no_hint": {
        "mean": 0.5083333333333333,
        "stderr": 0.10861785997787307
      },
      "prompts": {
        "socratic_question": {
          "mean": 0.36666666666666664,
          "stderr": 0.07973722274670736,
          "improvement": -0.14166666666666666
        },
        "direct_hint": {
          "mean": 0.5083333333333333,
          "stderr": 0.0908210151348434,
          "improvement": 0.0
        },
        "step_suggestion": {
          "mean": 0.45,
          "stderr": 0.09953596037316066,
          "improvement": -0.05833333333333329
        }
      }
    },
    "0.7-0.8": {
      "count": 10,
      "no_hint": {
        "mean": 0.7333333333333333,
        "stderr": 0.111665284679121
      },
      "prompts": {
        "socratic_question": {
          "mean": 0.625,
          "stderr": 0.11402430973207661,
          "improvement": -0.10833333333333328
        },
        "direct_hint": {
          "mean": 0.6083333333333333,
          "stderr": 0.10019271553817465,
          "improvement": -0.125
        },
        "step_suggestion": {
          "mean": 0.6416666666666667,
          "stderr": 0.11044941862261691,
          "improvement": -0.09166666666666656
        }
      }
    },
    "0.8-0.9": {
      "count": 10,
      "no_hint": {
        "mean": 0.6666666666666667,
        "stderr": 0.12909944487358055
      },
      "prompts": {
        "socratic_question": {
          "mean": 0.6666666666666667,
          "stderr": 0.12044157438154889,
          "improvement": 0.0
        },
        "direct_hint": {
          "mean": 0.7833333333333333,
          "stderr": 0.08975274678557507,
          "improvement": 0.11666666666666659
        },
        "step_suggestion": {
          "mean": 0.6333333333333333,
          "stderr": 0.10985399962936217,
          "improvement": -0.03333333333333344
        }
      }
    },
    "0.9-1": {
      "count": 10,
      "no_hint": {
        "mean": 0.7916666666666666,
        "stderr": 0.09065093817822623
      },
      "prompts": {
        "socratic_question": {
          "mean": 0.7333333333333333,
          "stderr": 0.11837375418145842,
          "improvement": -0.05833333333333335
        },
        "direct_hint": {
          "mean": 0.775,
          "stderr": 0.11523593618161967,
          "improvement": -0.016666666666666607
        },
        "step_suggestion": {
          "mean": 0.8,
          "stderr": 0.1003081671403766,
          "improvement": 0.008333333333333415
        }
      }
    }
  }
}